calibri.ttf    Calibri.ttf    
calibrib.ttf    Calibri-Bold.ttf    
calibrii.ttf    Calibri-Italic.ttf    
calibriz.ttf    Calibri-Bold-Italic.ttf    
#cambria.ttc    Cambria.ttc    
cambria.ttf    Cambria.ttf    
cambria-math.ttf    Cambria-Math.ttf    
cambriab.ttf    Cambria-Bold.ttf    
cambriai.ttf    Cambria-Italic.ttf    
cambriaz.ttf    Cambria-Bold-Italic.ttf    
candara.ttf    Candara.ttf    
candarab.ttf    Candara-Bold.ttf    
candarai.ttf    Candara-Italic.ttf    
candaraz.ttf    Candara-Bold-Italic.ttf    
consola.ttf    Consolas.ttf    
consolab.ttf    Consolas-Bold.ttf    
consolai.ttf    Consolas-Italic.ttf    
consolaz.ttf    Consolas-Bold-Italic.ttf    
constan.ttf    Constantia.ttf    
constanb.ttf    Constantia-Bold.ttf    
constani.ttf    Constantia-Italic.ttf    
constanz.ttf    Constantia-Bold-Italic.ttf    
corbel.ttf    Corbel.ttf    
corbelb.ttf    Corbel-Bold.ttf    
corbeli.ttf    Corbel-Italic.ttf    
corbelz.ttf    Corbel-Bold-Italic.ttf    
#
andalemo.ttf    Andale-Mono.ttf    
ariblk.ttf    Arial-Black.ttf    
comicbd.ttf    Comic-Sans-MS-Bold.ttf    
comic.ttf    Comic-Sans-MS.ttf    
courbd.ttf    Courier-New-Bold.ttf    
courbi.ttf    Courier-New-Bold-Italic.ttf    
couri.ttf    Courier-New-Italic.ttf    
cour.ttf    Courier-New.ttf    
georgiab.ttf    Georgia-Bold.ttf    
georgiai.ttf    Georgia-Italic.ttf    
georgia.ttf    Georgia.ttf    
georgiaz.ttf    Georgia-Bold-Italic.ttf    
impact.ttf    Impact.ttf    
#
arialbd.ttf    Arial-Bold.ttf    
arialbi.ttf    Arial-Bold-Italic.ttf    
ariali.ttf    Arial-Italic.ttf    
arial.ttf    Arial.ttf    
timesbd.ttf    Times-New-Roman-Bold.ttf    
timesbi.ttf    Times-New-Roman-Bold-Italic.ttf    
timesi.ttf    Times-New-Roman-Italic.ttf    
times.ttf    Times-New-Roman.ttf    
trebucbd.ttf    Trebuchet-MS-Bold.ttf    
trebucbi.ttf    Trebuchet-MS-Bold-Italic.ttf    
trebucit.ttf    Trebuchet-MS-Italic.ttf    
trebuc.ttf    Trebuchet-MS.ttf    
verdanab.ttf    Verdana-Bold.ttf    
verdanai.ttf    Verdana-Italic.ttf    
verdana.ttf    Verdana.ttf    
verdanaz.ttf    Verdana-Bold-Italic.ttf    
#
lucon.ttf    Lucida-Console.ttf    
l_10646.ttf    Lucida-Sans-Unicode.ttf    
#
tahoma.ttf    Tahoma.ttf    
tahomabd.ttf    Tahoma-Bold.ttf    
#
symbol.ttf    Symbol.ttf    
webdings.ttf    Webdings.ttf
wingding.ttf    Wingdings.ttf
#